,CT_ratio,Carina_angle,DAO_mm,RtLowerCB_mm,RtUpperCB_mm,AorticKnob_mm,PulmonaryConus_mm,LAA_mm,LtLowerCB_mm,DAO_N,RtLowerCB_N,RtUpperCB_N,AorticKnob_N,PulmonaryConus_N,LAA_N,LtLowerCB_N
value,0.4684397163120567,56.95495529469981,18.860195,33.7344725,29.942989999999998,31.692905,30.8179475,38.0120425,79.32948,0.06879432624113475,0.12304964539007092,0.10921985815602837,0.11560283687943262,0.11241134751773049,0.13865248226950355,0.28936170212765955
