,CT_ratio,Carina_angle,DAO_mm,RtLowerCB_mm,RtUpperCB_mm,AorticKnob_mm,PulmonaryConus_mm,LAA_mm,LtLowerCB_mm,DAO_N,RtLowerCB_N,RtUpperCB_N,AorticKnob_N,PulmonaryConus_N,LAA_N,LtLowerCB_N
value,0.4589082183563287,88.14686018960673,46.9845495,51.8483745,39.5915355,48.7355265,41.245236,47.470932,78.69668850000001,0.14487102579484104,0.15986802639472106,0.12207558488302339,0.15026994601079785,0.1271745650869826,0.14637072585482905,0.24265146970605878
