,CT_ratio,Carina_angle,DAO_mm,RtLowerCB_mm,RtUpperCB_mm,AorticKnob_mm,PulmonaryConus_mm,LAA_mm,LtLowerCB_mm,DAO_N,RtLowerCB_N,RtUpperCB_N,AorticKnob_N,PulmonaryConus_N,LAA_N,LtLowerCB_N
value,-0.5495160192741644,1.765419678545873,0.5944733069045905,1.182953007983879,0.9316056309830468,0.9130871500981983,0.3213817207025791,0.23845657563485645,-0.7146412746233402,0.12157491704201986,0.5884681982088162,0.4445272576023556,0.2893753077067614,-0.2277292198458825,-0.32397314687808526,-1.3966953894248586
