,CT_ratio,Carina_angle,DAO_mm,RtLowerCB_mm,RtUpperCB_mm,AorticKnob_mm,PulmonaryConus_mm,LAA_mm,LtLowerCB_mm,DAO_N,RtLowerCB_N,RtUpperCB_N,AorticKnob_N,PulmonaryConus_N,LAA_N,LtLowerCB_N
value,-1.2325498629081515,-0.7563418249262039,-3.868007530830529,-5.021412304053807,-4.1609172656716815,-5.660585640206654,-5.933103288517921,-6.302791963466133,-8.030969246859083,-1.3644006224665894,-0.6781520443305223,0.23739000866093365,-1.4967834517448577,-1.5768482678647464,-1.657912178283804,-1.2245394395969775
