,CT_ratio,Carina_angle,DAO_mm,RtLowerCB_mm,RtUpperCB_mm,AorticKnob_mm,PulmonaryConus_mm,LAA_mm,LtLowerCB_mm,DAO_N,RtLowerCB_N,RtUpperCB_N,AorticKnob_N,PulmonaryConus_N,LAA_N,LtLowerCB_N
value,0.4850498338870432,75.9771449602708,44.265585,37.94193,28.505091,37.844643,40.276818,46.114038,91.060632,0.1511627906976744,0.12956810631229235,0.0973421926910299,0.1292358803986711,0.13754152823920265,0.1574750830564784,0.3109634551495017
