,CT_ratio,Carina_angle,DAO_mm,RtLowerCB_mm,RtUpperCB_mm,AorticKnob_mm,PulmonaryConus_mm,LAA_mm,LtLowerCB_mm,DAO_N,RtLowerCB_N,RtUpperCB_N,AorticKnob_N,PulmonaryConus_N,LAA_N,LtLowerCB_N
value,0.9549846817119554,1.5587914826861848,-0.14824635588116045,0.8487678697663629,1.2066607944878855,-0.39676504700423726,-0.6100393669168975,0.4140270778678034,0.875604772128939,-0.013343062887095865,1.041771403783951,1.3912428257092628,-0.2301259105658058,-0.4517660228332333,0.6491352943905021,1.2512838104254682
