,CT_ratio,Carina_angle,DAO_mm,RtLowerCB_mm,RtUpperCB_mm,AorticKnob_mm,PulmonaryConus_mm,LAA_mm,LtLowerCB_mm,DAO_N,RtLowerCB_N,RtUpperCB_N,AorticKnob_N,PulmonaryConus_N,LAA_N,LtLowerCB_N
value,-0.4560261234528382,-1.361983465551941,16.862724501013016,10.591177739783813,4.506288014905728,21.15605481384391,22.846960579482754,25.577641466354244,29.657247562808287,0.05506958231642513,-2.032746052822338,-2.559158305273938,0.0568073748073891,-0.02671072004219585,0.39329457281823693,1.3550134164644192
