,CT_ratio,Carina_angle,DAO_mm,RtLowerCB_mm,RtUpperCB_mm,AorticKnob_mm,PulmonaryConus_mm,LAA_mm,LtLowerCB_mm,DAO_N,RtLowerCB_N,RtUpperCB_N,AorticKnob_N,PulmonaryConus_N,LAA_N,LtLowerCB_N
value,0.7472126544459404,1.827908510057653,-3.868007530830529,-5.021412304053807,-4.1609172656716815,-5.660585640206654,-5.933103288517921,-6.302791963466133,-8.030969246859083,2.576712463413228,-0.9837731813788393,0.3002586177388317,0.9547033908763377,2.4293133880081204,2.784681247167022,2.082330339929647
