,CT_ratio,Carina_angle,DAO_mm,RtLowerCB_mm,RtUpperCB_mm,AorticKnob_mm,PulmonaryConus_mm,LAA_mm,LtLowerCB_mm,DAO_N,RtLowerCB_N,RtUpperCB_N,AorticKnob_N,PulmonaryConus_N,LAA_N,LtLowerCB_N
value,0.5955678670360111,88.76561958397573,244.0,246.5,205.5,211.5,159.5,258.5,542.0,0.16897506925207756,0.17070637119113574,0.14231301939058172,0.14646814404432132,0.11045706371191136,0.17901662049861497,0.37534626038781166
