,CT_ratio,Carina_angle,DAO_mm,RtLowerCB_mm,RtUpperCB_mm,AorticKnob_mm,PulmonaryConus_mm,LAA_mm,LtLowerCB_mm,DAO_N,RtLowerCB_N,RtUpperCB_N,AorticKnob_N,PulmonaryConus_N,LAA_N,LtLowerCB_N
value,0.39490006891798757,79.18127297374241,0.0,0.0,0.0,0.0,0.0,0.0,0.0,0.07201929703652653,0.13404548587181253,0.08201240523776705,0.09131633356305996,0.10785665058580289,0.1330117160578911,0.24086836664369402
