,CT_ratio,Carina_angle,DAO_mm,RtLowerCB_mm,RtUpperCB_mm,AorticKnob_mm,PulmonaryConus_mm,LAA_mm,LtLowerCB_mm,DAO_N,RtLowerCB_N,RtUpperCB_N,AorticKnob_N,PulmonaryConus_N,LAA_N,LtLowerCB_N
value,1.7199367238590657,1.7208613183714223,23.072500630575757,26.168826297708733,24.284865432130363,24.91938075187417,18.13569517840308,27.293401613500627,40.60779649053762,0.9818622244513435,1.0257130301687385,1.3894654533699744,0.13072966148301013,-1.181743024255218,0.3529283710909624,1.6159099443082776
