,CT_ratio,Carina_angle,DAO_mm,RtLowerCB_mm,RtUpperCB_mm,AorticKnob_mm,PulmonaryConus_mm,LAA_mm,LtLowerCB_mm,DAO_N,RtLowerCB_N,RtUpperCB_N,AorticKnob_N,PulmonaryConus_N,LAA_N,LtLowerCB_N
value,0.5148583275742916,87.11441842049591,0.0,0.0,0.0,0.0,0.0,0.0,0.0,0.19661368348306843,0.10953697304768487,0.10573600552868002,0.15549412577747063,0.18866620594333103,0.23427781617138907,0.3697304768486524
