,CT_ratio,Carina_angle,DAO_mm,RtLowerCB_mm,RtUpperCB_mm,AorticKnob_mm,PulmonaryConus_mm,LAA_mm,LtLowerCB_mm,DAO_N,RtLowerCB_N,RtUpperCB_N,AorticKnob_N,PulmonaryConus_N,LAA_N,LtLowerCB_N
value,0.47605746209098165,62.24971402882603,29.571448,17.2175865,19.260351,40.271643,44.74627,54.47372,90.1734615,0.12130885873902633,0.07063048683160415,0.07901037509976057,0.16520351157222665,0.18355945730247406,0.22346368715083798,0.3699122106943336
