,CT_ratio,Carina_angle,DAO_mm,RtLowerCB_mm,RtUpperCB_mm,AorticKnob_mm,PulmonaryConus_mm,LAA_mm,LtLowerCB_mm,DAO_N,RtLowerCB_N,RtUpperCB_N,AorticKnob_N,PulmonaryConus_N,LAA_N,LtLowerCB_N
value,0.019585958101435392,-1.0112834676674918,-0.4402014965755349,-2.815542229011012,-1.3398484193350386,0.2901878194752527,0.9607021972534258,1.0867639900891193,0.5238081504665756,0.16622376134568323,-2.4273176640724716,-0.825531107414698,1.36715880413714,2.203452822582953,2.3712610038886766,2.087323706883613
