,CT_ratio,Carina_angle,DAO_mm,RtLowerCB_mm,RtUpperCB_mm,AorticKnob_mm,PulmonaryConus_mm,LAA_mm,LtLowerCB_mm,DAO_N,RtLowerCB_N,RtUpperCB_N,AorticKnob_N,PulmonaryConus_N,LAA_N,LtLowerCB_N
value,0.6009350935093509,77.3262975146864,0.0,0.0,0.0,0.0,0.0,0.0,0.0,0.20627062706270627,0.16061606160616063,0.12183718371837184,0.14988998899889988,0.17106710671067107,0.20434543454345436,0.3171067106710671
