,CT_ratio,Carina_angle,DAO_mm,RtLowerCB_mm,RtUpperCB_mm,AorticKnob_mm,PulmonaryConus_mm,LAA_mm,LtLowerCB_mm,DAO_N,RtLowerCB_N,RtUpperCB_N,AorticKnob_N,PulmonaryConus_N,LAA_N,LtLowerCB_N
value,0.10892998625372971,0.6153407860192152,0.7112808195777466,-0.35120171606282913,-0.300370864067564,-0.44298470549907437,0.20511171769236186,0.016736608274140308,0.4061351172253969,0.7790627766507836,-0.27432528825160785,-0.23611481297021003,-0.35862221422151636,0.3021865411410304,0.11111484237949665,0.5536077153557815
