,CT_ratio,Carina_angle,DAO_mm,RtLowerCB_mm,RtUpperCB_mm,AorticKnob_mm,PulmonaryConus_mm,LAA_mm,LtLowerCB_mm,DAO_N,RtLowerCB_N,RtUpperCB_N,AorticKnob_N,PulmonaryConus_N,LAA_N,LtLowerCB_N
value,0.45170454545454547,67.90835528228322,0.0,0.0,0.0,0.0,0.0,0.0,0.0,0.13257575757575757,0.14204545454545456,0.09517045454545454,0.14867424242424243,0.15577651515151514,0.17945075757575757,0.29071969696969696
